{"cameraMode":{"drawMode":0,"name":"Shaded","section":"Shading Mode"},"sceneLighting":false,"audioPlay":false,"sceneViewState":{"showFog":true,"showMaterialUpdate":false,"showSkybox":false,"showFlares":true,"showImageEffects":true,"showParticleSystems":true},"in2DMode":false,"pivot":{"x":-1.0178700685501099,"y":2.0166988372802736,"z":8.448079109191895},"rotation":{"x":-0.016050050035119058,"y":-0.9834268689155579,"z":0.1093074232339859,"w":-0.14407303929328919},"size":-0.5695213079452515,"orthographic":false}