{"cameraMode":{"drawMode":0,"name":"Shaded","section":"Shading Mode"},"sceneLighting":false,"audioPlay":false,"sceneViewState":{"showFog":true,"showMaterialUpdate":false,"showSkybox":false,"showFlares":true,"showImageEffects":true,"showParticleSystems":true},"in2DMode":false,"pivot":{"x":-0.2709304392337799,"y":2.134984016418457,"z":-3.2076706886291506},"rotation":{"x":0.00012160558981122449,"y":-0.9998487234115601,"z":0.01769993267953396,"w":0.009029337204992772},"size":6.145294189453125,"orthographic":false}