{"cameraMode":{"drawMode":0,"name":"Shaded","section":"Shading Mode"},"sceneLighting":false,"audioPlay":false,"sceneViewState":{"showFog":true,"showMaterialUpdate":false,"showSkybox":false,"showFlares":true,"showImageEffects":true,"showParticleSystems":true},"in2DMode":false,"pivot":{"x":-4.072895526885986,"y":0.704331636428833,"z":1.6911003589630128},"rotation":{"x":-0.07322423160076142,"y":0.6088319420814514,"z":-0.056638460606336597,"w":-0.7879467606544495},"size":6.069396495819092,"orthographic":false}