{"cameraMode":{"drawMode":0,"name":"Shaded","section":"Shading Mode"},"sceneLighting":false,"audioPlay":false,"sceneViewState":{"showFog":true,"showMaterialUpdate":false,"showSkybox":false,"showFlares":true,"showImageEffects":true,"showParticleSystems":true},"in2DMode":false,"pivot":{"x":-1.3083140850067139,"y":0.680497944355011,"z":5.053893089294434},"rotation":{"x":-0.025237493216991426,"y":0.16033299267292024,"z":-0.005579669028520584,"w":-0.9869734644889832},"size":6.039364814758301,"orthographic":false}