{"cameraMode":{"drawMode":0,"name":"Shaded","section":"Shading Mode"},"sceneLighting":false,"audioPlay":false,"sceneViewState":{"showFog":true,"showMaterialUpdate":false,"showSkybox":false,"showFlares":true,"showImageEffects":true,"showParticleSystems":true},"in2DMode":false,"pivot":{"x":-0.4391655921936035,"y":1.4271239042282105,"z":-2.872562885284424},"rotation":{"x":0.005441888235509396,"y":-0.9943374395370483,"z":0.06392808258533478,"w":0.08525604009628296},"size":5.545293807983398,"orthographic":false}