{"cameraMode":{"drawMode":0,"name":"Shaded","section":"Shading Mode"},"sceneLighting":false,"audioPlay":false,"sceneViewState":{"showFog":true,"showMaterialUpdate":false,"showSkybox":false,"showFlares":true,"showImageEffects":true,"showParticleSystems":true},"in2DMode":false,"pivot":{"x":-4.756340980529785,"y":-0.03359337896108627,"z":1.9509530067443848},"rotation":{"x":0.0735994204878807,"y":-0.6548173427581787,"z":0.06647707521915436,"w":0.749584436416626},"size":8.806157112121582,"orthographic":false}