{"cameraMode":{"drawMode":0,"name":"Shaded","section":"Shading Mode"},"sceneLighting":false,"audioPlay":false,"sceneViewState":{"showFog":true,"showMaterialUpdate":false,"showSkybox":false,"showFlares":true,"showImageEffects":true,"showParticleSystems":true},"in2DMode":false,"pivot":{"x":-1.4687764644622803,"y":0.5461159944534302,"z":-1.100239634513855},"rotation":{"x":0.026696182787418367,"y":-0.9215628504753113,"z":0.06650275737047196,"w":0.38217398524284365},"size":4.324527263641357,"orthographic":false}