{"cameraMode":{"drawMode":0,"name":"Shaded","section":"Shading Mode"},"sceneLighting":true,"audioPlay":false,"sceneViewState":{"showFog":true,"showMaterialUpdate":false,"showSkybox":true,"showFlares":true,"showImageEffects":true,"showParticleSystems":true},"in2DMode":false,"pivot":{"x":0.19879865646362306,"y":-23.51753044128418,"z":-17.430482864379884},"rotation":{"x":0.004513903521001339,"y":-0.9231547713279724,"z":0.3843322992324829,"w":0.010811647400259972},"size":42.811161041259769,"orthographic":false}