{"cameraMode":{"drawMode":0,"name":"Shaded","section":"Shading Mode"},"sceneLighting":true,"audioPlay":false,"sceneViewState":{"showFog":true,"showMaterialUpdate":false,"showSkybox":true,"showFlares":true,"showImageEffects":true,"showParticleSystems":true},"in2DMode":false,"pivot":{"x":40.36994934082031,"y":-14.500687599182129,"z":32.19608688354492},"rotation":{"x":-0.14246603846549989,"y":-0.4443123936653137,"z":0.07176952809095383,"w":-0.8816013336181641},"size":60.05628204345703,"orthographic":false}