{"cameraMode":{"drawMode":0,"name":"Shaded","section":"Shading Mode"},"sceneLighting":true,"audioPlay":false,"sceneViewState":{"showFog":true,"showMaterialUpdate":false,"showSkybox":true,"showFlares":true,"showImageEffects":true,"showParticleSystems":true},"in2DMode":false,"pivot":{"x":-5.605857849121094,"y":-8.258792877197266,"z":-22.3719539642334},"rotation":{"x":0.016454823315143586,"y":-0.9819998741149902,"z":0.15867528319358827,"w":0.10179877281188965},"size":30.414310455322267,"orthographic":false}