{"cameraMode":{"drawMode":0,"name":"Shaded","section":"Shading Mode"},"sceneLighting":false,"audioPlay":false,"sceneViewState":{"showFog":true,"showMaterialUpdate":false,"showSkybox":false,"showFlares":true,"showImageEffects":true,"showParticleSystems":true},"in2DMode":false,"pivot":{"x":-11.25452709197998,"y":-2.8766801357269289,"z":3.7163751125335695},"rotation":{"x":-0.11087654531002045,"y":0.5790677666664124,"z":-0.07992677390575409,"w":-0.8038374781608582},"size":13.64177417755127,"orthographic":false}